<?xml version="1.0" encoding="iso-8859-1"?>
<!-- $Id: com_sobipro.xml 53 2011-07-18 04:18:55Z guille $ -->
<extension type="plugin" group="xmap" version="1.6">
    <name>Xmap - SobiPro Plugin</name>
    <author>Guillermo Vargas</author>
    <creationDate>07/15/2011</creationDate>
    <copyright>GNU GPL</copyright>
    <license>http://www.gnu.org/copyleft/gpl.html GNU/GPL</license>
    <authorEmail>guille@vargas.co.cr</authorEmail>
    <authorUrl>joomla.vargas.co.cr</authorUrl>
    <version>2.0</version>
    <description>Xmap Plugin for SobiPro component</description>
    <files>
        <filename plugin="com_sobipro">com_sobipro.php</filename>
    </files>
    <languages folder="language">
        <!--
        these files will be installed in the administrator/language folder.
        -->
        <language tag="en-GB">en-GB.plg_xmap_com_sobipro.ini</language>
        <language tag="es-ES">es-ES.plg_xmap_com_sobipro.ini</language>
    </languages>

    <config>
        <fields name="params">
            <fieldset name="basic">
                <field name="include_entries" type="list" default="1" label="XMAP_SETTING_SHOW_ENTRIES_LABEL" description="XMAP_SETTING_SHOW_ENTRIES_DESC">
                    <option value="0">XMAP_OPTION_NEVER</option>
                    <option value="1">XMAP_OPTION_ALWAYS</option>
                    <option value="2">XMAP_OPTION_XML_ONLY</option>
                    <option value="3">XMAP_OPTION_HTML_ONLY</option>
		</field>
                <field name="max_entries" type="text" default="" label="XMAP_SETTING_MAX_ENTRIES_LABEL" description="XMAP_SETTING_MAX_ENTRIES_DESC" />
                <field name="max_age" type="text" default="" label="Newest than" description="Only show entries newest than this number of days (Leave it blank to ignore this option)" />
                <field name="entries_order" type="list" default="a.ordering" label="Entries Order" description="How should the items be ordered in the sitemap?">
                        <option value="b.position">Default</option>
                        <option value="a.counter">Number of visits</option>
                        <option value="b.validSince">Publish up date</option>
                        <option value="a.updatedTime">Last modification date</option>
		</field>
                <field name="entries_orderdir" type="list" default="DESC" label="Order direction" description="How should the items be ordered in the sitemap?">
                        <option value="ASC">Ascendant</option>
                        <option value="DESC">Descendant</option>
		</field>
            </fieldset>
            <fieldset name="xml">
                <field name="cat_priority" type="list" default="-1" label="Category Priority" description="Set the priority for the categories">
                        <option value="-1">XMAP_OPTION_USE_PARENT_MENU</option>
                        <option value="0.0">0.0</option>
                        <option value="0.1">0.1</option>
                        <option value="0.2">0.2</option>
                        <option value="0.3">0.3</option>
                        <option value="0.4">0.4</option>
                        <option value="0.5">0.5</option>
                        <option value="0.6">0.6</option>
                        <option value="0.7">0.7</option>
                        <option value="0.8">0.8</option>
                        <option value="0.9">0.9</option>
                        <option value="1">1</option>
                </field>
                <field name="cat_changefreq" type="list" default="weekly" label="Category Change frequency" description="Set the chage frequency for the categories">
                        <option value="-1">XMAP_OPTION_USE_PARENT_MENU</option>
                        <option value="always">XMAP_OPTION_ALWAYS</option>
                        <option value="hourly">XMAP_OPTION_HOURLY</option>
                        <option value="daily">XMAP_OPTION_DAILY</option>
                        <option value="weekly">XMAP_OPTION_WEEKLY</option>
                        <option value="monthly">XMAP_OPTION_MONTHLY</option>
                        <option value="yearly">XMAP_OPTION_YEARLY</option>
                        <option value="never">XMAP_OPTION_NEVER</option>
                </field>
                <field name="entry_priority" type="list" default="-1" label="Entries Priority" description="Set the priority for the entries">
                        <option value="-1">XMAP_OPTION_USE_PARENT_MENU</option>
                        <option value="0.0">0.0</option>
                        <option value="0.1">0.1</option>
                        <option value="0.2">0.2</option>
                        <option value="0.3">0.3</option>
                        <option value="0.4">0.4</option>
                        <option value="0.5">0.5</option>
                        <option value="0.6">0.6</option>
                        <option value="0.7">0.7</option>
                        <option value="0.8">0.8</option>
                        <option value="0.9">0.9</option>
                        <option value="1">1</option>
                </field>
                <field name="entry_changefreq" type="list" default="weekly" label="Entries Change frequency" description="Set the chage frequency for the entris">
                        <option value="-1">XMAP_OPTION_USE_PARENT_MENU</option>
                        <option value="always">XMAP_OPTION_ALWAYS</option>
                        <option value="hourly">XMAP_OPTION_HOURLY</option>
                        <option value="daily">XMAP_OPTION_DAILY</option>
                        <option value="weekly">XMAP_OPTION_WEEKLY</option>
                        <option value="monthly">XMAP_OPTION_MONTHLY</option>
                        <option value="yearly">XMAP_OPTION_YEARLY</option>
                        <option value="never">XMAP_OPTION_NEVER</option>
                </field>
	    </fieldset>
        </fields>
    </config>
</extension>
