<?xml version="1.0" encoding="utf-8"?> 
<install type="component" version="1.5.0" method="upgrade">
<name>jDownloads</name>
<creationDate>2011-10-14</creationDate>
<author>Arno Betz</author>
<copyright>(C) 2009 www.jdownloads.com</copyright>
<authorEmail>info@jdownloads.com</authorEmail>
<authorUrl>www.jdownloads.com</authorUrl>
<version>1.8.2 Stable Build 855</version>
<description>Download Management Component for Joomla! 1.5.x</description>
<!-- Site Main File Copy Section -->
<files> 
    <filename>jdownloads.php</filename>
	<filename>jdownloads.html.php</filename>
    <filename>jdownloads.edit.php</filename>
    <filename>jdownloads.edit.html.php</filename>
	<filename>jdownloads.class.php</filename>
	<filename>router.php</filename>
    <filename>jdownloads.js</filename>
    <filename>jdownloads_fe.css</filename>
    <filename>mp3_player_maxi.swf</filename>
	<filename>index.html</filename>
    <filename>language/index.html</filename>
    <filename>lightbox/index.html</filename>
    <filename>lightbox/lightbox.js</filename>
    <filename>lightbox/lightbox.css</filename>
    <filename>lightbox/loading.gif</filename>
    <filename>lightbox/overlay.png</filename>
    <filename>lightbox/close.gif</filename>
    <filename>lightbox/blank.gif</filename>
    <filename>rating/index.html</filename>
    <filename>rating/ajax.php</filename> 
    <filename>rating/css/index.html</filename> 
    <filename>rating/css/ajaxvote.php</filename> 
    <filename>rating/css/ajaxvote.css</filename> 
    <filename>rating/css/ajaxvote2.css</filename>
    <filename>rating/images/index.html</filename> 
    <filename>rating/images/loading.gif</filename>
    <filename>rating/images/star.png</filename>  
    <filename>rating/images/star.gif</filename>
    <filename>rating/js/index.html</filename>  
    <filename>rating/js/ajaxvote.js</filename>  
    <filename>rating/js/ajaxvote.php</filename>
    <filename>views/upload/index.html</filename>
    <filename>views/upload/metadata.xml</filename>
    <filename>views/upload/tmpl/index.html</filename>
    <filename>views/upload/tmpl/default.xml</filename>
    <filename>views/search/index.html</filename>
    <filename>views/search/metadata.xml</filename>
    <filename>views/search/tmpl/index.html</filename>
    <filename>views/search/tmpl/default.xml</filename>
    <filename>views/viewcategories/index.html</filename>
    <filename>views/viewcategories/metadata.xml</filename>
    <filename>views/viewcategories/tmpl/index.html</filename>
    <filename>views/viewcategories/tmpl/default.xml</filename>
    <filename>views/viewcategory/index.html</filename>
    <filename>views/viewcategory/metadata.xml</filename>
    <filename>views/viewcategory/tmpl/index.html</filename>
    <filename>views/viewcategory/tmpl/default.xml</filename>
    <filename>views/view.download/index.html</filename>
    <filename>views/view.download/metadata.xml</filename>
    <filename>views/view.download/tmpl/index.html</filename>
    <filename>views/view.download/tmpl/default.xml</filename>
    <filename>views/index.html</filename>     
</files>
<images>
	<filename>images/index.html</filename>
	<filename>images/button_bg.png</filename>
	<filename>images/new_window.png</filename>
	<filename>images/upload.png</filename>
    <filename>images/upper.png</filename>
	<filename>images/link_extern.gif</filename>
	<filename>images/upload_ok.png</filename>
	<filename>images/upload_stop.png</filename>		
	<filename>images/search.png</filename>
	<filename>images/home_fe.png</filename>	
	<filename>images/summary.png</filename>
    <filename>images/offline.png</filename>
    <filename>images/form_no_value.png</filename>
    <filename>images/info32.png</filename>
    <filename>images/edit.png</filename>
    <filename>images/update.png</filename>
    <filename>images/jd_slider_arrow_green.png</filename>
    <filename>images/jd_slider_arrow_down_green.png</filename>
    <filename>fileimages/index.html</filename>
    <filename>fileimages/doc.png</filename>
	<filename>fileimages/xml.png</filename>
	<filename>fileimages/real.png</filename>
	<filename>fileimages/rtf.png</filename>
	<filename>fileimages/ps.png</filename>
	<filename>fileimages/pdf.png</filename>
    <filename>fileimages/7z.png</filename>
    <filename>fileimages/aiff.png</filename>
    <filename>fileimages/arj.png</filename>
    <filename>fileimages/bzip.png</filename>
    <filename>fileimages/iso.png</filename>
    <filename>fileimages/tgz.png</filename>
    <filename>fileimages/java.png</filename>
    <filename>fileimages/java-archive.png</filename>
    <filename>fileimages/lhz.png</filename>
    <filename>fileimages/perl.png</filename>
    <filename>fileimages/rar.png</filename>
    <filename>fileimages/tarz.png</filename>
    <filename>fileimages/wma.png</filename>
    <filename>fileimages/zip.png</filename>
    <filename>fileimages/wav.png</filename>
    <filename>fileimages/binary.png</filename>
    <filename>fileimages/document.png</filename>
    <filename>fileimages/font_truetype.png</filename>
    <filename>fileimages/font_type1.png</filename>
    <filename>fileimages/excel.png</filename>
    <filename>fileimages/bmp.png</filename>
    <filename>fileimages/gif.png</filename>
    <filename>fileimages/png.png</filename>
    <filename>fileimages/tiff.png</filename>
    <filename>fileimages/psd.png</filename>
    <filename>fileimages/jpeg.png</filename>
    <filename>fileimages/jpg.png</filename>
    <filename>fileimages/txt.png</filename>
    <filename>fileimages/archive.png</filename>
    <filename>fileimages/lha.png</filename>
    <filename>fileimages/script.png</filename>
    <filename>fileimages/tar.png</filename>
    <filename>fileimages/mp3.png</filename>
    <filename>fileimages/ogg.png</filename>
    <filename>fileimages/font.png</filename>
    <filename>fileimages/joomla.png</filename>
    <filename>fileimages/html.png</filename>
    <filename>fileimages/template.png</filename>
    <filename>fileimages/calendar.png</filename>
    <filename>fileimages/php.png</filename>
    <filename>catimages/index.html</filename>
	<filename>catimages/internet.png</filename>
    <filename>catimages/video.png</filename>
    <filename>catimages/office.png</filename>
    <filename>catimages/multimedia.png</filename>
    <filename>catimages/multimedia2.png</filename>
    <filename>catimages/dictionary.png</filename>
    <filename>catimages/audio.png</filename>
    <filename>catimages/sound.png</filename>
    <filename>catimages/font.png</filename>
    <filename>catimages/desktop.png</filename>
    <filename>catimages/graphics.png</filename>
    <filename>catimages/games.png</filename>
    <filename>catimages/accessories.png</filename>
    <filename>catimages/folder.png</filename>
    <filename>catimages/folder_net.png</filename>
    <filename>catimages/folder_doc.png</filename>
    <filename>catimages/folder_blue.png</filename>
    <filename>catimages/folder_grey.png</filename>
    <filename>catimages/folder_green.png</filename>
    <filename>catimages/folder_public.png</filename>
    <filename>catimages/folder_music.png</filename>
    <filename>catimages/folder_images.png</filename>
    <filename>catimages/folder_html.png</filename>
    <filename>catimages/folder_documents.png</filename>
    <filename>catimages/folder_video.png</filename>
    <filename>catimages/folder_blue_2.png</filename>
    <filename>catimages/dictionary2.png</filename>
    <filename>catimages/guitar.png</filename>
    <filename>catimages/joomla.png</filename>
    <filename>catimages/bible.png</filename>
    <filename>catimages/book.png</filename>
    <filename>catimages/heart.png</filename>
    <filename>catimages/hint.png</filename>
    <filename>catimages/chess.png</filename>
    <filename>catimages/blackjack.png</filename>
    <filename>catimages/desktop2.png</filename>
    <filename>catimages/graphics2.png</filename>
    <filename>catimages/design.png</filename>
    <filename>catimages/tools.png</filename>
    <filename>miniimages/index.html</filename>    
    <filename>miniimages/stuff.png</filename>
    <filename>miniimages/currency.png</filename>    
    <filename>miniimages/license.png</filename>
    <filename>miniimages/weblink.png</filename>
    <filename>miniimages/contact.png</filename>
    <filename>miniimages/date.png</filename>
    <filename>miniimages/language.png</filename>
    <filename>miniimages/system.png</filename>
    <filename>miniimages/download.png</filename>    
    <filename>downloadimages/index.html</filename>
    <filename>downloadimages/download2.png</filename>    
    <filename>downloadimages/download3.gif</filename>
    <filename>downloadimages/arrow_blue.png</filename>
    <filename>downloadimages/arrow_grey.png</filename>
    <filename>downloadimages/arrow_green.png</filename>
    <filename>downloadimages/arrow_orange.png</filename>
    <filename>downloadimages/arrow_red.png</filename>
    <filename>downloadimages/download_disk.png</filename>
    <filename>downloadimages/download_box.png</filename>
    <filename>downloadimages/download_harddisk.png</filename>	
    <filename>downloadimages/download.gif</filename>
    <filename>downloadimages/blue_01.gif</filename>
    <filename>downloadimages/blue_02.gif</filename>
    <filename>downloadimages/blue_03.gif</filename>
    <filename>downloadimages/blue_04.gif</filename>
    <filename>downloadimages/blue_05.gif</filename>
    <filename>downloadimages/blue_06.gif</filename>
    <filename>downloadimages/brown_01.gif</filename>
    <filename>downloadimages/brown_02.gif</filename>
    <filename>downloadimages/brown_03.gif</filename>
    <filename>downloadimages/green_01.gif</filename>
    <filename>downloadimages/grey_01.gif</filename>
    <filename>downloadimages/grey_02.gif</filename>
    <filename>downloadimages/download_blue.png</filename>
    <filename>downloadimages/download_green.png</filename> 
    <filename>downloadimages/download_red.png</filename> 
    <filename>downloadimages/mirror_green.png</filename> 
    <filename>downloadimages/mirror_green1.png</filename> 
    <filename>downloadimages/mirror_green2.png</filename>
    <filename>downloadimages/mirror_blue.png</filename> 
    <filename>downloadimages/mirror_blue1.png</filename> 
    <filename>downloadimages/mirror_blue2.png</filename> 
    <filename>downloadimages/mirror_red.png</filename> 
    <filename>downloadimages/mirror_red1.png</filename> 
    <filename>downloadimages/mirror_red2.png</filename>  
    <filename>downloadimages/mirror.gif</filename> 
    <filename>downloadimages/mirror1.gif</filename> 
    <filename>downloadimages/mirror2.gif</filename> 
    <filename>hotimages/index.html</filename>
    <filename>hotimages/hotfile.gif</filename> 
    <filename>hotimages/green_01.gif</filename> 
    <filename>hotimages/grey_01.gif</filename> 
    <filename>hotimages/blue_03.gif</filename> 
    <filename>hotimages/red.png</filename> 
    <filename>hotimages/blue.png</filename> 
    <filename>hotimages/green.png</filename> 
    <filename>hotimages/green2.png</filename> 
    <filename>hotimages/yellow.png</filename> 
    <filename>hotimages/orange.png</filename> 
    <filename>hotimages/grey.png</filename> 
    <filename>hotimages/sephia.png</filename> 
    <filename>newimages/index.html</filename>
    <filename>newimages/newfile.gif</filename>           
    <filename>newimages/green_01.gif</filename> 
    <filename>newimages/grey_01.gif</filename> 
    <filename>newimages/blue_03.gif</filename> 
    <filename>newimages/blue.png</filename> 
    <filename>newimages/green.png</filename> 
    <filename>newimages/green2.png</filename> 
    <filename>newimages/orange.png</filename> 
    <filename>newimages/yellow.png</filename>
    <filename>newimages/red.png</filename>
    <filename>newimages/sephia.png</filename>
    <filename>newimages/grey.png</filename>
    <filename>updimages/index.html</filename>    
    <filename>updimages/blue.png</filename>
    <filename>updimages/green.png</filename>
    <filename>updimages/green2.png</filename>
    <filename>updimages/yellow.png</filename>
    <filename>updimages/orange.png</filename>
    <filename>updimages/sephia.png</filename>
    <filename>updimages/grey.png</filename>
    <filename>updimages/red.png</filename>
    <filename>screenshots/index.html</filename>
    <filename>screenshots/no_pic.gif</filename>               
    <filename>screenshots/thumbnails/index.html</filename>
    <filename>screenshots/thumbnails/no_pic.gif</filename>
    <filename>headerimages/index.html</filename>
    <filename>headerimages/upload_aqua.png</filename>
    <filename>headerimages/upload_blue.png</filename>
    <filename>headerimages/home.png</filename>
    </images>
    <!-- Install Database Section -->
    <install>
        <sql>
            <file driver="mysql" charset="utf8">install.sql</file>
        </sql>
    </install>
    <!-- Language -->
    <languages>
        <language tag="en-GB">language/en-GB/en-GB.com_jdownloads.ini</language>
        <language tag="us-US">language/us-US/us-US.com_jdownloads.ini</language>
        <language tag="de-DE">language/de-DE/de-DE.com_jdownloads.ini</language>
    </languages>
      <installfile>install.jdownloads.php</installfile>
      <uninstallfile>uninstall.jdownloads.php</uninstallfile>
<administration>
    <menu img="components/com_jdownloads/images/m_jdownloads.gif" link="option=com_jdownloads">jDownloads</menu>
    <submenu>
      <menu img="components/com_jdownloads/images/m_jdownloads.gif" link="option=com_jdownloads">Control Panel</menu>
      <menu img="components/com_jdownloads/images/m_categories.gif" link="option=com_jdownloads&amp;task=categories.list">Categories</menu>
      <menu img="components/com_jdownloads/images/m_downloads.gif" link="option=com_jdownloads&amp;task=files.list">Downloads</menu>
      <menu img="components/com_jdownloads/images/m_files.gif" link="option=com_jdownloads&amp;task=manage.files">Files</menu>
	  <menu img="components/com_jdownloads/images/m_licenses.gif" link="option=com_jdownloads&amp;task=license.list">Licenses</menu>
      <menu img="components/com_jdownloads/images/m_groups.gif" link="option=com_jdownloads&amp;task=view.groups">Groups</menu>
      <menu img="components/com_jdownloads/images/m_templates.gif" link="option=com_jdownloads&amp;task=templates.menu">Layouts Administration</menu>
      <menu img="components/com_jdownloads/images/m_logs.gif" link="option=com_jdownloads&amp;task=view.logs">Download Logs</menu>
      <menu img="components/com_jdownloads/images/m_config.gif" link="option=com_jdownloads&amp;task=config.show">Configuration</menu>
      <menu img="components/com_jdownloads/images/m_backup.gif" link="option=com_jdownloads&amp;task=backup">Backup Creation</menu>
      <menu img="components/com_jdownloads/images/m_restore.gif" link="option=com_jdownloads&amp;task=restore">Backup Restoration</menu>
      <menu img="components/com_jdownloads/images/m_info.gif" link="option=com_jdownloads&amp;task=info">Terms of use</menu>
    </submenu>                                                                       
<!-- Administration Main File Copy Section -->
<files>
	<filename>admin.jdownloads.php</filename>
	<filename>admin.jdownloads.html.php</filename>
	<filename>check.restore.jdownloads.php</filename>
	<filename>toolbar.jdownloads.php</filename>
	<filename>toolbar.jdownloads.html.php</filename>
    <filename>jd_layouts.php</filename>
    <filename>scan.php</filename>
    <filename>scancat.php</filename>
    <filename>ProgressBar.class.php</filename>
	<filename>index.html</filename>
	<filename>htaccess.txt</filename>
    <filename>style.css</filename>
	<filename>jdownloads.xml</filename>
    <filename>blacklist.txt</filename>
    <filename>install.sql</filename>
	<filename>joomfish/jdownloads_config.xml</filename>
	<filename>joomfish/jdownloads_cats.xml</filename>
	<filename>joomfish/jdownloads_files.xml</filename>
    <filename>joomfish/jdownloads_templates.xml</filename> 
    <filename>mod_jdownloads_top_1.5.zip</filename> 
    <filename>pad/index.html</filename> 
    <filename>pad/padfile.php</filename> 
    <filename>pad/padspec.php</filename> 
    <filename>pad/padvalidator.php</filename> 
    <filename>pad/xmlfile.php</filename> 
	<filename>swfupload/index.html</filename>
	<filename>swfupload/default.css</filename>
	<filename>swfupload/fileprogress.js</filename>
	<filename>swfupload/handlers.js</filename>
	<filename>swfupload/swfupload.swf</filename>
	<filename>swfupload/swfupload.js</filename>
	<filename>swfupload/swfupload.queue.js</filename>
	<filename>swfupload/swfupload.swfobject.js</filename>
	<filename>swfupload/XPButtonUploadText_61x22.png</filename>
	<filename>plugins/system/jdownloads_system_plugin.php</filename>
	<filename>plugins/system/jdownloads_system_plugin.xml</filename>
</files>
    <images> 
    <filename>images/jdownloads.jpg</filename>
	<filename>images/categories.png</filename>
	<filename>images/downloads.png</filename>
	<filename>images/support.png</filename>
    <filename>images/groups.png</filename>
	<filename>images/config.png</filename>
	<filename>images/licenses.png</filename>
	<filename>images/template.png</filename>
    <filename>images/template32.png</filename>
	<filename>images/layouts.png</filename>
	<filename>images/active.png</filename>
	<filename>images/addedit.png</filename>
	<filename>images/backup.png</filename>
	<filename>images/restore.png</filename>
	<filename>images/m_active.png</filename>
	<filename>images/m_jdownloads.gif</filename>
	<filename>images/m_downloads.gif</filename>
	<filename>images/m_home.gif</filename>
	<filename>images/m_categories.gif</filename>
	<filename>images/m_licenses.gif</filename>
	<filename>images/m_templates.gif</filename>
	<filename>images/m_config.gif</filename>
	<filename>images/m_backup.gif</filename>
	<filename>images/m_restore.gif</filename>
	<filename>images/m_logs.gif</filename>
    <filename>images/m_info.gif</filename>
    <filename>images/m_groups.gif</filename>
	<filename>images/m_files.gif</filename>
	<filename>images/warning.png</filename>
	<filename>images/help.png</filename>
	<filename>images/home.png</filename>
	<filename>images/css.png</filename>
	<filename>images/info.png</filename>
	<filename>images/logs.png</filename>
    <filename>images/downloads_2.png</filename>
	<filename>images/categories_2.png</filename>
	<filename>images/config_2.png</filename>
	<filename>images/dir_edit.png</filename>
	<filename>images/dir_edit_2.png</filename>
	<filename>images/downloads_cats.gif</filename>
	<filename>images/downloads_files.gif</filename>
    <filename>images/downloads_details.gif</filename>
    <filename>images/jdownloads_header_sample.gif</filename>
    <filename>images/langmanager.png</filename>
	<filename>images/summary.gif</filename>
	<filename>images/email.gif</filename>
    <filename>images/jd_logo_small.png</filename>
    <filename>images/jd_logo_48.png</filename>
    <filename>images/upload32.png</filename>
    <filename>images/files32.png</filename>
	<filename>images/files48.png</filename>
	<filename>images/index.html</filename>
    </images>
    <!-- Language -->
    <languages>
        <language tag="en-GB">language/en-GB/en-GB.com_jdownloads.ini</language>
        <language tag="en-GB">language/en-GB/en-GB.com_jdownloads.menu.ini</language>
        <language tag="us-US">language/us-US/us-US.com_jdownloads.ini</language>
        <language tag="us-US">language/us-US/us-US.com_jdownloads.menu.ini</language>
        <language tag="de-DE">language/de-DE/de-DE.com_jdownloads.ini</language>
        <language tag="de-DE">language/de-DE/de-DE.com_jdownloads.menu.ini</language>
    </languages>
</administration>
</install>